[
    {
        "Name": "Evan",
        "Age": 23,
        "DateofBirth": "2000-12-03",
        "Hobby": "Coding",
        "isWorking": false
    },
    {
        "Name": "Tommy",
        "Age": 20,
        "DateofBirth": "2003-07-17",
        "Hobby": "Fishing",
        "isWorking": true
    },
    {
        "Name": "Jane",
        "Age": 45,
        "DateofBirth": "1978-07-11",
        "Hobby": "Bar Hopping",
        "isWorking": true
    },
    {
        "Name": "Sara",
        "Age": 66,
        "DateofBirth": "1957-05-28",
        "Hobby": "Playing Cards",
        "isWorking": false
    },
    {
        "Name": "Rex",
        "Age": 15,
        "DateofBirth": "2008-2-18",
        "Hobby": "Playing Fortnite",
        "isWorking": true
    },
    {
        "Name": "Deborah",
        "Age": 36,
        "DateofBirth": "1987-10-06",
        "Hobby": "Playing Guitar",
        "isWorking": false
    },
    {
        "Name": "Sean",
        "Age": 1,
        "DateofBirth": "2022-05-30",
        "Hobby": "Sleeping",
        "isWorking": false
    }
]